iter	Logloss
0	0.686222205
1	0.6804020485
2	0.674633669
3	0.6684105691
4	0.6633440939
5	0.6564410778
6	0.6498143485
7	0.6463936795
8	0.6423558439
9	0.6384493367
